id,submetido_em,idade,rendimento,ja_investiu,origem,r1_dificuldade,r2_ja_tentou,r3_o_que_faria_comprar
R0001,2026-07-01T08:00:00Z,22,até 1.000 €,sim,facebook,tenho 24 anos e quero começar bem em vez de começar tarde como os meus pais,,-
R0002,2026-07-02T09:07:00Z,22,até 1.000 €,não sei,email,Tenho 14 mil parados na conta à ordem há dois anos a perder valor para a inflação,Investi em imobiliário com um familiar e ainda não recuperei,Saber exatamente quanto tempo por semana preciso de dedicar
R0003,2026-07-03T10:14:00Z,61,2.500 a 4.000 €,sim,youtube,Já tentei investir mas entrei em pânico quando desceu e vendi tudo com prejuízo,Segui uns influenciadores e comprei o que eles diziam. Correu mal,Preço. Acima de 300 euros não consigo neste momento
R0004,2026-07-04T11:21:00Z,64,mais de 4.000 €,não sei,ig_stories,Percebo de poupança mas não percebo nada de investimento,Segui uns influenciadores e comprei o que eles diziam. Correu mal,Se houvesse acompanhamento e não apenas vídeos gravados
R0005,2026-07-05T12:28:00Z,27,1.500 a 2.500 €,não sei,ig_feed,Quero reformar-me antes dos 60 e não faço ideia se é possível,Fiz uma folha de Excel muito bonita que nunca mais abri,Se alguém me ligasse e explicasse. Por escrito não decido
R0006,2026-07-06T13:35:00Z,61,prefiro não dizer,não,ig_stories,Preciso de perceber quanto preciso mesmo para viver de rendimentos,"Comprei um livro sobre investimento, li metade",Se me dessem os modelos prontos e eu só tivesse de preencher
R0007,2026-07-07T14:42:00Z,61,prefiro não dizer,sim,youtube,Tenho dinheiro mas está tudo em depósitos a prazo a render quase zero,Contratei um PPR porque me disseram que dava para deduzir. Nunca percebi o que comprei,"Se tivesse garantia de devolução, já me queimei antes"
R0008,2026-07-08T15:49:00Z,53,prefiro não dizer,não sei,facebook,Tenho 14 mil parados na conta à ordem há dois anos a perder valor para a inflação,Tentei aprender sozinho pelo Reddit mas é tudo em inglês e para o mercado americano,Saber exatamente quanto tempo por semana preciso de dedicar
R0009,2026-07-09T16:56:00Z,41,1.500 a 2.500 €,não,ig_feed,"Nao tenho dinheiro nenhum para investir, so queria organizar as contas primeiro",Fiz simulações de reforma no site da segurança social e assustei-me,Se fosse em português de Portugal e não do Brasil
R0010,2026-07-10T17:03:00Z,57,2.500 a 4.000 €,não,organico,Estou a pagar casa e não sei se devo amortizar ou investir a diferença,Vi centenas de vídeos no YouTube e fiquei mais confuso do que estava,Se me dessem os modelos prontos e eu só tivesse de preencher
R0011,2026-07-11T18:10:00Z,26,mais de 4.000 €,não sei,ig_feed,"Sou reformado, tenho 68 anos, quero rendimento e não crescimento",Nada. É a primeira vez que estou a olhar para isto a sério,Preço. Acima de 300 euros não consigo neste momento
R0012,2026-07-12T19:17:00Z,47,até 1.000 €,sim,youtube,Tenho dois filhos pequenos e queria começar a poupar para os estudos deles,Pedi conselhos ao gestor do banco e só me tentou vender produtos do banco,Se tivesse a certeza de que não é mais um esquema de enriquecer depressa
R0013,2026-07-13T08:24:00Z,68,2.500 a 4.000 €,não sei,ig_stories,Tenho 24 anos e quero começar bem em vez de começar tarde como os meus pais,"Tentei o método dos envelopes, não funciona com pagamentos digitais",Se pudesse pagar em prestações
R0014,2026-07-14T09:31:00Z,24,até 1.000 €,não,organico,"O meu problema é dívida, tenho três cartões e um crédito pessoal e só pago mínimos","Fiz um curso gratuito, era só isco para vender outro mais caro",Se tivesse a certeza de que não é mais um esquema de enriquecer depressa
R0015,2026-07-15T10:38:00Z,41,até 1.000 €,não sei,facebook,"Sou reformado, tenho 68 anos, quero rendimento e não crescimento",Nada. É a primeira vez que estou a olhar para isto a sério,"Nada, neste momento não vou comprar nada"
R0016,2026-07-16T11:45:00Z,53,até 1.000 €,não,facebook,"Tenho medo de ser burlado, vejo tanta coisa nas redes que parece esquema",Tentei aprender sozinho pelo Reddit mas é tudo em inglês e para o mercado americano,"Se tivesse garantia de devolução, já me queimei antes"
R0017,2026-07-17T12:52:00Z,44,2.500 a 4.000 €,sim,ig_feed,Não tenho tempo. Trabalho por turnos e chego a casa destruído,Segui uns influenciadores e comprei o que eles diziam. Correu mal,"Nada, neste momento não vou comprar nada"
R0018,2026-07-18T13:59:00Z,35,1.000 a 1.500 €,não sei,youtube,"Sou reformado, tenho 68 anos, quero rendimento e não crescimento",,Se alguém me ligasse e explicasse. Por escrito não decido
R0019,2026-07-19T14:06:00Z,44,1.000 a 1.500 €,não,ig_stories,quero ganhar mais,nada,Se pudesse pagar em prestações
R0020,2026-07-20T15:13:00Z,33,até 1.000 €,não sei,youtube,"Comecei a investir há um ano mas faço tudo ao calhas, sem estratégia nenhuma",Pedi conselhos ao gestor do banco e só me tentou vender produtos do banco,"Se explicassem a parte fiscal portuguesa, é o que ninguém explica"
R0021,2026-07-21T16:20:00Z,19,1.000 a 1.500 €,não sei,youtube,"Comecei a investir há um ano mas faço tudo ao calhas, sem estratégia nenhuma","Fiz um curso gratuito, era só isco para vender outro mais caro",Se me dessem os modelos prontos e eu só tivesse de preencher
R0022,2026-07-22T17:27:00Z,27,prefiro não dizer,sim,email,Ando a ver isto há meses mas nunca dou o passo,Tentei aprender sozinho pelo Reddit mas é tudo em inglês e para o mercado americano,Comprava hoje. Só preciso de saber que é sério
R0023,2026-07-23T18:34:00Z,44,até 1.000 €,não sei,organico,"Tenho medo dos impostos, não percebo como se declara nada disto",Já tentei três vezes começar em janeiro e falho sempre em março,"Nada, neste momento não vou comprar nada"
R0024,2026-07-24T19:41:00Z,24,1.000 a 1.500 €,não sei,ig_feed,"Tenho medo dos impostos, não percebo como se declara nada disto",Fiz uma folha de Excel muito bonita que nunca mais abri,-
R0025,2026-07-25T08:48:00Z,26,até 1.000 €,não,youtube,Percebo de poupança mas não percebo nada de investimento,"Tentei o método dos envelopes, não funciona com pagamentos digitais",Se houvesse acompanhamento e não apenas vídeos gravados
R0026,2026-07-26T09:55:00Z,24,1.000 a 1.500 €,não sei,ig_feed,"Sou emigrante e envio dinheiro para casa todos os meses, sobra pouco para mim",Contratei um PPR porque me disseram que dava para deduzir. Nunca percebi o que comprei,Se me mostrassem um plano concreto para o meu caso e não teoria geral
R0027,2026-07-27T10:02:00Z,53,até 1.000 €,sim,email,"Sou trabalhadora independente, os meses são muito irregulares e não consigo planear",Contratei um PPR porque me disseram que dava para deduzir. Nunca percebi o que comprei,Se pudesse pagar em prestações
R0028,2026-07-28T11:09:00Z,36,até 1.000 €,não,ig_stories,"Nao tenho dinheiro nenhum para investir, so queria organizar as contas primeiro","Comecei a registar os gastos numa app, dei-me conta de que não mudava nada só por registar",Se tivesse a certeza de que não é mais um esquema de enriquecer depressa
R0029,2026-07-01T12:16:00Z,29,mais de 4.000 €,sim,ig_feed,Tenho dois filhos pequenos e queria começar a poupar para os estudos deles,"Fiz um curso gratuito, era só isco para vender outro mais caro",Se tivesse a certeza de que não é mais um esquema de enriquecer depressa
R0030,2026-07-02T13:23:00Z,61,até 1.000 €,não,organico,"sou enfermeira, faço muitas horas extra, e a sensação é que trabalho para nada",Contratei um PPR porque me disseram que dava para deduzir. Nunca percebi o que comprei,"Ver resultados de pessoas parecidas comigo, com o mesmo ordenado"
R0031,2026-07-03T14:30:00Z,41,1.000 a 1.500 €,não,ig_feed,"O meu problema é dívida, tenho três cartões e um crédito pessoal e só pago mínimos","Fiz um curso gratuito, era só isco para vender outro mais caro",Ver o programa todo antes de decidir
R0032,2026-07-04T15:37:00Z,38,prefiro não dizer,não,youtube,Preciso de perceber quanto preciso mesmo para viver de rendimentos,"Só poupança clássica, sempre",Ver o programa todo antes de decidir
R0033,2026-07-05T16:44:00Z,33,1.000 a 1.500 €,não sei,facebook,Tenho dinheiro mas está tudo em depósitos a prazo a render quase zero,Segui uns influenciadores e comprei o que eles diziam. Correu mal,"Nada, neste momento não vou comprar nada"
R0034,2026-07-06T17:51:00Z,53,1.500 a 2.500 €,não,organico,Tenho medo de perder o dinheiro que custou tanto a juntar,Já experimentei aplicações de poupança automática mas desisti ao fim de dois meses,Confiança em quem ensina. Quero ver o percurso da pessoa
R0035,2026-07-07T18:58:00Z,41,até 1.000 €,não,ig_stories,"Já fiz um curso destes e não apliquei nada, o problema sou eu",,Se pudesse pagar em prestações
R0036,2026-07-08T19:05:00Z,38,1.000 a 1.500 €,não sei,youtube,Quero reformar-me antes dos 60 e não faço ideia se é possível,"Comecei a registar os gastos numa app, dei-me conta de que não mudava nada só por registar",Saber exatamente quanto tempo por semana preciso de dedicar
R0037,2026-07-09T08:12:00Z,24,prefiro não dizer,sim,email,Ganho razoavelmente bem mas ao fim do mês não sobra nada e não sei explicar para onde foi,"Comecei a registar os gastos numa app, dei-me conta de que não mudava nada só por registar",Se pudesse pagar em prestações
R0038,2026-07-10T09:19:00Z,47,prefiro não dizer,não,ig_stories,Tenho dinheiro mas está tudo em depósitos a prazo a render quase zero,"Comecei a registar os gastos numa app, dei-me conta de que não mudava nada só por registar",Se fosse curto. Não tenho tempo para 40 horas de vídeo
R0039,2026-07-11T10:26:00Z,24,prefiro não dizer,não,ig_feed,"Tenho medo dos impostos, não percebo como se declara nada disto",Falei com um consultor financeiro que queria 1% ao ano e não me explicou porquê,"Nada, neste momento não vou comprar nada"
R0040,2026-07-12T11:33:00Z,64,2.500 a 4.000 €,não,youtube,Não tenho tempo. Trabalho por turnos e chego a casa destruído,Já experimentei aplicações de poupança automática mas desisti ao fim de dois meses,"Ver resultados de pessoas parecidas comigo, com o mesmo ordenado"
R0041,2026-07-13T12:40:00Z,61,mais de 4.000 €,não,ig_stories,Vivo com os meus pais e consigo poupar 600 por mês mas está tudo na conta,Contratei um PPR porque me disseram que dava para deduzir. Nunca percebi o que comprei,"Ver resultados de pessoas parecidas comigo, com o mesmo ordenado"
R0042,2026-07-14T13:47:00Z,27,2.500 a 4.000 €,não,ig_feed,Ganho razoavelmente bem mas ao fim do mês não sobra nada e não sei explicar para onde foi,"Comprei um livro sobre investimento, li metade",Ver o programa todo antes de decidir
R0043,2026-07-15T14:54:00Z,36,mais de 4.000 €,não,youtube,Tenho medo de perder o dinheiro que custou tanto a juntar,"Fiz um curso gratuito, era só isco para vender outro mais caro",Saber exatamente quanto tempo por semana preciso de dedicar
R0044,2026-07-16T15:01:00Z,47,1.000 a 1.500 €,sim,organico,Tenho 24 anos e quero começar bem em vez de começar tarde como os meus pais,"Fiz um curso gratuito, era só isco para vender outro mais caro",Se alguém me ligasse e explicasse. Por escrito não decido
R0045,2026-07-17T16:08:00Z,47,mais de 4.000 €,não,youtube,"Já fiz um curso destes e não apliquei nada, o problema sou eu",Falei com um consultor financeiro que queria 1% ao ano e não me explicou porquê,Ver o programa todo antes de decidir
R0046,2026-07-18T17:15:00Z,19,2.500 a 4.000 €,não,youtube,"Ganho 900 euros. Não é falta de organização, é falta de dinheiro",Investi em imobiliário com um familiar e ainda não recuperei,Ver o programa todo antes de decidir
R0047,2026-07-19T18:22:00Z,27,2.500 a 4.000 €,sim,youtube,Ganho razoavelmente bem mas ao fim do mês não sobra nada e não sei explicar para onde foi,Pedi conselhos ao gestor do banco e só me tentou vender produtos do banco,-
R0048,2026-07-20T19:29:00Z,57,mais de 4.000 €,não sei,ig_stories,Tenho 14 mil parados na conta à ordem há dois anos a perder valor para a inflação,"Tentei o método dos envelopes, não funciona com pagamentos digitais",Ver o programa todo antes de decidir
R0049,2026-07-21T08:36:00Z,35,até 1.000 €,sim,youtube,Tenho 14 mil parados na conta à ordem há dois anos a perder valor para a inflação,Segui uns influenciadores e comprei o que eles diziam. Correu mal,Saber exatamente quanto tempo por semana preciso de dedicar
R0050,2026-07-22T09:43:00Z,24,2.500 a 4.000 €,não,youtube,"Sou reformado, tenho 68 anos, quero rendimento e não crescimento","Só poupança clássica, sempre",Se me mostrassem um plano concreto para o meu caso e não teoria geral
R0051,2026-07-23T10:50:00Z,31,prefiro não dizer,não,email,quero liberdade financeira,Tentei aprender sozinho pelo Reddit mas é tudo em inglês e para o mercado americano,Ver o programa todo antes de decidir
R0052,2026-07-24T11:57:00Z,57,1.000 a 1.500 €,não,youtube,quero liberdade financeira,,Se tivesse a certeza de que não é mais um esquema de enriquecer depressa
R0053,2026-07-25T12:04:00Z,47,até 1.000 €,não sei,email,Tenho dinheiro mas está tudo em depósitos a prazo a render quase zero,Falei com um consultor financeiro que queria 1% ao ano e não me explicou porquê,"Ver resultados de pessoas parecidas comigo, com o mesmo ordenado"
R0054,2026-07-26T13:11:00Z,47,até 1.000 €,não,organico,Tenho 24 anos e quero começar bem em vez de começar tarde como os meus pais,Vi centenas de vídeos no YouTube e fiquei mais confuso do que estava,"Se explicassem a parte fiscal portuguesa, é o que ninguém explica"
R0055,2026-07-27T14:18:00Z,41,1.000 a 1.500 €,não,ig_feed,Fui despedido em janeiro e percebi que não tinha nenhuma almofada,"Comprei um livro sobre investimento, li metade","Ver resultados de pessoas parecidas comigo, com o mesmo ordenado"
R0056,2026-07-28T15:25:00Z,44,2.500 a 4.000 €,não,organico,"Nao tenho dinheiro nenhum para investir, so queria organizar as contas primeiro",Segui uns influenciadores e comprei o que eles diziam. Correu mal,"Se tivesse garantia de devolução, já me queimei antes"
R0057,2026-07-01T16:32:00Z,57,2.500 a 4.000 €,não,email,Quero reformar-me antes dos 60 e não faço ideia se é possível,Tentei cortar despesas mas não é aí que está o problema,Se houvesse uma comunidade onde tirar dúvidas quando encalho
R0058,2026-07-02T17:39:00Z,24,prefiro não dizer,não,ig_stories,Tenho dinheiro mas está tudo em depósitos a prazo a render quase zero,Contratei um PPR porque me disseram que dava para deduzir. Nunca percebi o que comprei,Comprava hoje. Só preciso de saber que é sério
R0059,2026-07-03T18:46:00Z,50,prefiro não dizer,sim,email,tenho dois filhos pequenos e queria começar a poupar para os estudos deles,"Só poupança clássica, sempre",Se fosse em português de Portugal e não do Brasil
R0060,2026-07-04T19:53:00Z,57,até 1.000 €,sim,ig_feed,Tenho dois filhos pequenos e queria começar a poupar para os estudos deles,Investi em imobiliário com um familiar e ainda não recuperei,Se me dessem os modelos prontos e eu só tivesse de preencher
R0061,2026-07-05T08:00:00Z,35,até 1.000 €,não,facebook,"Sou emigrante e envio dinheiro para casa todos os meses, sobra pouco para mim",Vi centenas de vídeos no YouTube e fiquei mais confuso do que estava,Confiança em quem ensina. Quero ver o percurso da pessoa
R0062,2026-07-06T09:07:00Z,44,1.000 a 1.500 €,não sei,organico,Não tenho tempo. Trabalho por turnos e chego a casa destruído,nada,Confiança em quem ensina. Quero ver o percurso da pessoa
R0063,2026-07-07T10:14:00Z,22,prefiro não dizer,não,email,Tenho 24 anos e quero começar bem em vez de começar tarde como os meus pais,Vi centenas de vídeos no YouTube e fiquei mais confuso do que estava,Confiança em quem ensina. Quero ver o percurso da pessoa
R0064,2026-07-08T11:21:00Z,24,1.500 a 2.500 €,sim,youtube,Já tentei investir mas entrei em pânico quando desceu e vendi tudo com prejuízo,"Fiz um curso gratuito, era só isco para vender outro mais caro",Se me mostrassem um plano concreto para o meu caso e não teoria geral
R0065,2026-07-09T12:28:00Z,26,2.500 a 4.000 €,sim,facebook,Quero reformar-me antes dos 60 e não faço ideia se é possível,Vi centenas de vídeos no YouTube e fiquei mais confuso do que estava,Confiança em quem ensina. Quero ver o percurso da pessoa
R0066,2026-07-10T13:35:00Z,22,mais de 4.000 €,não,ig_stories,"Ganho bem, 3.500 líquidos, mas gasto tudo. É comportamento, não é falta","Fiz um curso gratuito, era só isco para vender outro mais caro","Ver resultados de pessoas parecidas comigo, com o mesmo ordenado"
R0067,2026-07-11T14:42:00Z,29,1.000 a 1.500 €,não,organico,"Tenho medo de ser burlado, vejo tanta coisa nas redes que parece esquema","Fiz um curso gratuito, era só isco para vender outro mais caro",Se houvesse acompanhamento e não apenas vídeos gravados
R0068,2026-07-12T15:49:00Z,36,2.500 a 4.000 €,não,facebook,Fui despedido em janeiro e percebi que não tinha nenhuma almofada,Investi em imobiliário com um familiar e ainda não recuperei,Saber exatamente quanto tempo por semana preciso de dedicar
R0069,2026-07-13T16:56:00Z,22,até 1.000 €,sim,organico,"Já fiz um curso destes e não apliquei nada, o problema sou eu",,Confiança em quem ensina. Quero ver o percurso da pessoa
R0070,2026-07-14T17:03:00Z,57,2.500 a 4.000 €,não,email,quero liberdade financeira,"Só poupança clássica, sempre",-
R0071,2026-07-15T18:10:00Z,61,2.500 a 4.000 €,não,organico,"Sou emigrante e envio dinheiro para casa todos os meses, sobra pouco para mim",nada,Se tivesse a certeza de que não é mais um esquema de enriquecer depressa
R0072,2026-07-16T19:17:00Z,31,prefiro não dizer,não,email,"O meu marido trata das finanças e eu não percebo nada, quero conseguir perceber",Segui uns influenciadores e comprei o que eles diziam. Correu mal,Comprava hoje. Só preciso de saber que é sério
R0073,2026-07-17T08:24:00Z,19,até 1.000 €,não,email,"Já fiz um curso destes e não apliquei nada, o problema sou eu",Fiz uma folha de Excel muito bonita que nunca mais abri,"Ver resultados de pessoas parecidas comigo, com o mesmo ordenado"
R0074,2026-07-18T09:31:00Z,44,mais de 4.000 €,não,youtube,"Tenho medo de ser burlado, vejo tanta coisa nas redes que parece esquema",Fiz uma folha de Excel muito bonita que nunca mais abri,Preço. Acima de 300 euros não consigo neste momento
R0075,2026-07-19T10:38:00Z,50,1.000 a 1.500 €,não,facebook,Estou a pagar casa e não sei se devo amortizar ou investir a diferença,Nada. É a primeira vez que estou a olhar para isto a sério,Se houvesse acompanhamento e não apenas vídeos gravados
R0076,2026-07-20T11:45:00Z,41,1.500 a 2.500 €,não,ig_feed,"Sou reformado, tenho 68 anos, quero rendimento e não crescimento",Já experimentei aplicações de poupança automática mas desisti ao fim de dois meses,Confiança em quem ensina. Quero ver o percurso da pessoa
R0077,2026-07-21T12:52:00Z,41,1.000 a 1.500 €,sim,facebook,Não faço ideia por onde começar. Abro o site do banco e fecho outra vez,Nada. É a primeira vez que estou a olhar para isto a sério,Saber exatamente quanto tempo por semana preciso de dedicar
R0078,2026-07-22T13:59:00Z,35,mais de 4.000 €,não,ig_feed,"Preciso de alguém que me diga exatamente o que fazer, passo a passo",Vi centenas de vídeos no YouTube e fiquei mais confuso do que estava,Se tivesse a certeza de que não é mais um esquema de enriquecer depressa
R0079,2026-07-23T14:06:00Z,35,até 1.000 €,não,email,quero liberdade financeira,Já experimentei aplicações de poupança automática mas desisti ao fim de dois meses,Preço. Acima de 300 euros não consigo neste momento
R0080,2026-07-24T15:13:00Z,36,1.500 a 2.500 €,não,ig_stories,Não faço ideia por onde começar. Abro o site do banco e fecho outra vez,Já tentei três vezes começar em janeiro e falho sempre em março,Se me mostrassem um plano concreto para o meu caso e não teoria geral
R0081,2026-07-25T16:20:00Z,38,prefiro não dizer,não sei,ig_feed,"Sou enfermeira, faço muitas horas extra, e a sensação é que trabalho para nada",Pedi conselhos ao gestor do banco e só me tentou vender produtos do banco,"Nada, neste momento não vou comprar nada"
R0082,2026-07-26T17:27:00Z,22,prefiro não dizer,não sei,organico,"Não sei escolher entre ETF, PPR e ações, é informação a mais",Tentei aprender sozinho pelo Reddit mas é tudo em inglês e para o mercado americano,"Ver resultados de pessoas parecidas comigo, com o mesmo ordenado"
R0083,2026-07-27T18:34:00Z,57,mais de 4.000 €,sim,organico,quero liberdade financeira,Pedi conselhos ao gestor do banco e só me tentou vender produtos do banco,Ver o programa todo antes de decidir
R0084,2026-07-28T19:41:00Z,22,1.000 a 1.500 €,não,ig_stories,Quero reformar-me antes dos 60 e não faço ideia se é possível,Vi centenas de vídeos no YouTube e fiquei mais confuso do que estava,Se me mostrassem um plano concreto para o meu caso e não teoria geral
R0085,2026-07-01T08:48:00Z,22,prefiro não dizer,sim,organico,"Preciso de alguém que me diga exatamente o que fazer, passo a passo",Falei com um consultor financeiro que queria 1% ao ano e não me explicou porquê,Se alguém me ligasse e explicasse. Por escrito não decido
R0086,2026-07-02T09:55:00Z,35,até 1.000 €,não sei,ig_stories,Preciso de perceber quanto preciso mesmo para viver de rendimentos,,Se tivesse a certeza de que não é mais um esquema de enriquecer depressa
R0087,2026-07-03T10:02:00Z,57,até 1.000 €,não sei,facebook,quero liberdade financeira,"Só poupança clássica, sempre",Preço. Acima de 300 euros não consigo neste momento
R0088,2026-07-04T11:09:00Z,31,1.000 a 1.500 €,não sei,email,já tentei investir mas entrei em pânico quando desceu e vendi tudo com prejuízo,"Fiz um curso gratuito, era só isco para vender outro mais caro","Se explicassem a parte fiscal portuguesa, é o que ninguém explica"
R0089,2026-07-05T12:16:00Z,36,até 1.000 €,não,ig_stories,"Preciso de alguém que me diga exatamente o que fazer, passo a passo",Vi centenas de vídeos no YouTube e fiquei mais confuso do que estava,Se tivesse a certeza de que não é mais um esquema de enriquecer depressa
R0090,2026-07-06T13:23:00Z,36,mais de 4.000 €,não,ig_stories,"Ganho 900 euros. Não é falta de organização, é falta de dinheiro","Tentei o método dos envelopes, não funciona com pagamentos digitais",Confiança em quem ensina. Quero ver o percurso da pessoa
R0091,2026-07-07T14:30:00Z,35,prefiro não dizer,sim,organico,Vivo com os meus pais e consigo poupar 600 por mês mas está tudo na conta,Fiz uma folha de Excel muito bonita que nunca mais abri,Se tivesse a certeza de que não é mais um esquema de enriquecer depressa
R0092,2026-07-08T15:37:00Z,57,1.500 a 2.500 €,não sei,email,"O meu marido trata das finanças e eu não percebo nada, quero conseguir perceber","Comecei a registar os gastos numa app, dei-me conta de que não mudava nada só por registar",Se me dessem os modelos prontos e eu só tivesse de preencher
R0093,2026-07-09T16:44:00Z,31,1.500 a 2.500 €,sim,email,"Nao tenho dinheiro nenhum para investir, so queria organizar as contas primeiro","Comprei um livro sobre investimento, li metade",-
R0094,2026-07-10T17:51:00Z,24,mais de 4.000 €,não sei,facebook,Tenho medo de perder o dinheiro que custou tanto a juntar,Nada. É a primeira vez que estou a olhar para isto a sério,Se fosse em português de Portugal e não do Brasil
R0095,2026-07-11T18:58:00Z,24,mais de 4.000 €,sim,ig_feed,"Preciso de alguém que me diga exatamente o que fazer, passo a passo",Abri conta numa corretora e nunca cheguei a transferir dinheiro,Saber exatamente quanto tempo por semana preciso de dedicar
R0096,2026-07-12T19:05:00Z,27,mais de 4.000 €,não,ig_stories,"Sou enfermeira, faço muitas horas extra, e a sensação é que trabalho para nada","Fiz um curso gratuito, era só isco para vender outro mais caro",Se pudesse pagar em prestações
R0097,2026-07-13T08:12:00Z,53,2.500 a 4.000 €,sim,ig_feed,Ando a ver isto há meses mas nunca dou o passo,Segui uns influenciadores e comprei o que eles diziam. Correu mal,Se tivesse a certeza de que não é mais um esquema de enriquecer depressa
R0098,2026-07-14T09:19:00Z,44,1.500 a 2.500 €,não,email,Ganho razoavelmente bem mas ao fim do mês não sobra nada e não sei explicar para onde foi,"Comecei a registar os gastos numa app, dei-me conta de que não mudava nada só por registar",Se fosse em português de Portugal e não do Brasil
R0099,2026-07-15T10:26:00Z,26,1.500 a 2.500 €,sim,facebook,"Já fiz um curso destes e não apliquei nada, o problema sou eu",Já tentei três vezes começar em janeiro e falho sempre em março,Comprava hoje. Só preciso de saber que é sério
R0100,2026-07-16T11:33:00Z,31,prefiro não dizer,sim,organico,Tenho dois filhos pequenos e queria começar a poupar para os estudos deles,Já tentei três vezes começar em janeiro e falho sempre em março,"Se tivesse garantia de devolução, já me queimei antes"
R0101,2026-07-17T12:40:00Z,24,2.500 a 4.000 €,não sei,youtube,"Não sei escolher entre ETF, PPR e ações, é informação a mais","Fiz um curso gratuito, era só isco para vender outro mais caro",Se pudesse pagar em prestações
R0102,2026-07-18T13:47:00Z,35,até 1.000 €,não,ig_stories,Já tentei investir mas entrei em pânico quando desceu e vendi tudo com prejuízo,Contratei um PPR porque me disseram que dava para deduzir. Nunca percebi o que comprei,Se houvesse uma comunidade onde tirar dúvidas quando encalho
R0103,2026-07-19T14:54:00Z,33,1.500 a 2.500 €,não sei,youtube,Tenho 14 mil parados na conta à ordem há dois anos a perder valor para a inflação,,"Ver resultados de pessoas parecidas comigo, com o mesmo ordenado"
R0104,2026-07-20T15:01:00Z,47,até 1.000 €,não sei,youtube,Tenho 24 anos e quero começar bem em vez de começar tarde como os meus pais,Abri conta numa corretora e nunca cheguei a transferir dinheiro,Se pudesse pagar em prestações
R0105,2026-07-21T16:08:00Z,47,2.500 a 4.000 €,não,organico,"O meu marido trata das finanças e eu não percebo nada, quero conseguir perceber",Vi centenas de vídeos no YouTube e fiquei mais confuso do que estava,Se houvesse acompanhamento e não apenas vídeos gravados
R0106,2026-07-22T17:15:00Z,61,1.000 a 1.500 €,não,email,"Não sei escolher entre ETF, PPR e ações, é informação a mais","Comecei a registar os gastos numa app, dei-me conta de que não mudava nada só por registar",Se houvesse acompanhamento e não apenas vídeos gravados
R0107,2026-07-23T18:22:00Z,36,1.500 a 2.500 €,não,email,"Ganho bem, 3.500 líquidos, mas gasto tudo. É comportamento, não é falta","Tentei o método dos envelopes, não funciona com pagamentos digitais",Se me dessem os modelos prontos e eu só tivesse de preencher
R0108,2026-07-24T19:29:00Z,61,prefiro não dizer,não sei,ig_stories,Estou a pagar casa e não sei se devo amortizar ou investir a diferença,Nada. É a primeira vez que estou a olhar para isto a sério,Se tivesse a certeza de que não é mais um esquema de enriquecer depressa
R0109,2026-07-25T08:36:00Z,31,mais de 4.000 €,não sei,youtube,"Tenho medo de ser burlado, vejo tanta coisa nas redes que parece esquema",Tentei cortar despesas mas não é aí que está o problema,Preço. Acima de 300 euros não consigo neste momento
R0110,2026-07-26T09:43:00Z,50,2.500 a 4.000 €,não,youtube,Quero reformar-me antes dos 60 e não faço ideia se é possível,Falei com um consultor financeiro que queria 1% ao ano e não me explicou porquê,Comprava hoje. Só preciso de saber que é sério
R0111,2026-07-27T10:50:00Z,29,1.500 a 2.500 €,sim,facebook,Tenho dinheiro mas está tudo em depósitos a prazo a render quase zero,Segui uns influenciadores e comprei o que eles diziam. Correu mal,Preço. Acima de 300 euros não consigo neste momento
R0112,2026-07-28T11:57:00Z,64,1.000 a 1.500 €,sim,organico,Estou a pagar casa e não sei se devo amortizar ou investir a diferença,Contratei um PPR porque me disseram que dava para deduzir. Nunca percebi o que comprei,Confiança em quem ensina. Quero ver o percurso da pessoa
